{"cameraMode":{"drawMode":0,"name":"Shaded","section":"Shading Mode"},"sceneLighting":false,"audioPlay":false,"sceneViewState":{"showFog":true,"showMaterialUpdate":false,"showSkybox":true,"showFlares":true,"showImageEffects":true,"showParticleSystems":true},"in2DMode":false,"pivot":{"x":-5.056818008422852,"y":2.4152019023895265,"z":3.3256020545959474},"rotation":{"x":-0.020717168226838113,"y":-0.5087640285491943,"z":0.012250837869942189,"w":-0.8605695962905884},"size":3.642129421234131,"orthographic":false}